Stock1,Stock2,Correlation
Apple,Apple,0.9999999999999999
Apple,BitCoin,0.7007695144591715
Apple,Ethereum,0.260365057788016
Apple,Google,0.9473310505667728
Apple,Tesla,0.728963024234606
BitCoin,Apple,0.7007695144591715
BitCoin,BitCoin,1.0
BitCoin,Ethereum,0.7189040730608078
BitCoin,Google,0.7712045645485223
BitCoin,Tesla,0.3858435468283878
Ethereum,Apple,0.260365057788016
Ethereum,BitCoin,0.718904073060808
Ethereum,Ethereum,1.0
Ethereum,Google,0.4012520679360217
Ethereum,Tesla,0.1960499087465714
Google,Apple,0.9473310505667728
Google,BitCoin,0.7712045645485223
Google,Ethereum,0.40125206793602175
Google,Google,1.0
Google,Tesla,0.6231993201586374
Tesla,Apple,0.7289630242346059
Tesla,BitCoin,0.3858435468283878
Tesla,Ethereum,0.1960499087465714
Tesla,Google,0.6231993201586374
Tesla,Tesla,1.0
